employee_id,evaluation_date,work_jurisdiction,actual_hourly_wage,currency,controlling_minimum_wage,controlling_jurisdiction,controlling_rule_version,decision_state,hourly_shortfall,estimated_weekly_underpayment,source_url,evaluation_id,evaluation_timestamp,simulated,explanation,indicative_salary_hourly,approved_reference_floor,pending_rate_candidates,indicative_hourly_gap_to_reference,indicative_weekly_gap_to_reference,recorded_hourly_gap_to_reference,recorded_weekly_gap_to_reference
AST-0001,2026-09-25,Federal Territory,7,AST,,,,REVIEW_REQUIRED,,,,1c13658147fab6984dc489f01a3f560c41693474827dd6b2c7004d865265f3d3,2026-09-25T04:44:31.443719+00:00,False,"[""Unresolved relevant source content: c9be0ff89c00, c831740c8d89""]",,,"[{""source_rule_id"": ""AFWA-MW-2026.1"", ""jurisdiction"": ""Asteria"", ""amount"": ""12.91"", ""effective_from"": ""2026-09-25"", ""candidate_id"": ""c831740c8d89e827d31a14ae63babd02158a310987bbba608efa1643f88800d1""}]",,,,
AST-0002,2026-09-25,Federal Territory,7.43,AST,,,,REVIEW_REQUIRED,,,,1c5ff608603959a097982d7d5b60c083ad74998709abf6c37733f78d0e947dfa,2026-09-25T04:44:31.444715+00:00,False,"[""Unresolved relevant source content: c9be0ff89c00, c831740c8d89""]",,,"[{""source_rule_id"": ""AFWA-MW-2026.1"", ""jurisdiction"": ""Asteria"", ""amount"": ""12.91"", ""effective_from"": ""2026-09-25"", ""candidate_id"": ""c831740c8d89e827d31a14ae63babd02158a310987bbba608efa1643f88800d1""}]",,,,
AST-0003,2026-09-25,Federal Territory,,AST,,,,REVIEW_REQUIRED,,,,c11a855ccf62582b1f80a52d67329ad0b4c39d79c1529cd1f23908d79e5c5a35,2026-09-25T04:44:31.444715+00:00,False,"[""No authority supplied for converting annual salary to an hourly compliance wage.""]",8.19,,"[{""source_rule_id"": ""AFWA-MW-2026.1"", ""jurisdiction"": ""Asteria"", ""amount"": ""12.91"", ""effective_from"": ""2026-09-25"", ""candidate_id"": ""c831740c8d89e827d31a14ae63babd02158a310987bbba608efa1643f88800d1""}]",,,,
AST-0004,2026-09-25,Federal Territory,8.29,AST,,,,REVIEW_REQUIRED,,,,781d63b27df30728195841ed2bbafcd0ace8b58dbea9be8d8e9f7226a761ddf1,2026-09-25T04:44:31.444715+00:00,False,"[""Unresolved relevant source content: c9be0ff89c00, c831740c8d89""]",,,"[{""source_rule_id"": ""AFWA-MW-2026.1"", ""jurisdiction"": ""Asteria"", ""amount"": ""12.91"", ""effective_from"": ""2026-09-25"", ""candidate_id"": ""c831740c8d89e827d31a14ae63babd02158a310987bbba608efa1643f88800d1""}]",,,,
AST-0005,2026-09-25,Federal Territory,8.72,AST,,,,REVIEW_REQUIRED,,,,409dd57d6e7042be169a7def5aad22b2720da62a7dcc58c7d273f971337c4d39,2026-09-25T04:44:31.444715+00:00,False,"[""Unresolved relevant source content: c9be0ff89c00, c831740c8d89""]",,,"[{""source_rule_id"": ""AFWA-MW-2026.1"", ""jurisdiction"": ""Asteria"", ""amount"": ""12.91"", ""effective_from"": ""2026-09-25"", ""candidate_id"": ""c831740c8d89e827d31a14ae63babd02158a310987bbba608efa1643f88800d1""}]",,,,
AST-0006,2026-09-25,Federal Territory,,AST,,,,REVIEW_REQUIRED,,,,e1ab4e98cd3935694d2bdbbe152b537be384de97e3b3323467566bc6df808749,2026-09-25T04:44:31.445709+00:00,False,"[""No authority supplied for converting annual salary to an hourly compliance wage.""]",9.60,,"[{""source_rule_id"": ""AFWA-MW-2026.1"", ""jurisdiction"": ""Asteria"", ""amount"": ""12.91"", ""effective_from"": ""2026-09-25"", ""candidate_id"": ""c831740c8d89e827d31a14ae63babd02158a310987bbba608efa1643f88800d1""}]",,,,
AST-0007,2026-09-25,Federal Territory,9.58,AST,,,,REVIEW_REQUIRED,,,,82592a1597d7426bb3d82019cd6fcf71bc5238d819561233a80c35f4253d724a,2026-09-25T04:44:31.445709+00:00,False,"[""Unresolved relevant source content: c9be0ff89c00, c831740c8d89""]",,,"[{""source_rule_id"": ""AFWA-MW-2026.1"", ""jurisdiction"": ""Asteria"", ""amount"": ""12.91"", ""effective_from"": ""2026-09-25"", ""candidate_id"": ""c831740c8d89e827d31a14ae63babd02158a310987bbba608efa1643f88800d1""}]",,,,
AST-0008,2026-09-25,Federal Territory,10.01,AST,,,,REVIEW_REQUIRED,,,,36f31fd61207f62a99797c08530242f88b6fd04fa6d917bd4037fe1bd5e97ac2,2026-09-25T04:44:31.445709+00:00,False,"[""Unresolved relevant source content: c9be0ff89c00, c831740c8d89""]",,,"[{""source_rule_id"": ""AFWA-MW-2026.1"", ""jurisdiction"": ""Asteria"", ""amount"": ""12.91"", ""effective_from"": ""2026-09-25"", ""candidate_id"": ""c831740c8d89e827d31a14ae63babd02158a310987bbba608efa1643f88800d1""}]",,,,
AST-0009,2026-09-25,Federal Territory,,AST,,,,REVIEW_REQUIRED,,,,760c729da6d0f1ef6c3a8351e54d8886031a4098d499557a20fc610902862b48,2026-09-25T04:44:31.445709+00:00,False,"[""No authority supplied for converting annual salary to an hourly compliance wage.""]",11.01,,"[{""source_rule_id"": ""AFWA-MW-2026.1"", ""jurisdiction"": ""Asteria"", ""amount"": ""12.91"", ""effective_from"": ""2026-09-25"", ""candidate_id"": ""c831740c8d89e827d31a14ae63babd02158a310987bbba608efa1643f88800d1""}]",,,,
AST-0010,2026-09-25,Federal Territory,10.87,AST,,,,REVIEW_REQUIRED,,,,b4e76821e07a6563915d3fdee3eb06398c41e2396d0e440d042cb029ceb83d7c,2026-09-25T04:44:31.445709+00:00,False,"[""Unresolved relevant source content: c9be0ff89c00, c831740c8d89""]",,,"[{""source_rule_id"": ""AFWA-MW-2026.1"", ""jurisdiction"": ""Asteria"", ""amount"": ""12.91"", ""effective_from"": ""2026-09-25"", ""candidate_id"": ""c831740c8d89e827d31a14ae63babd02158a310987bbba608efa1643f88800d1""}]",,,,
AST-0011,2026-09-25,Federal Territory,11.3,AST,,,,REVIEW_REQUIRED,,,,803baff7d4e74246ba15587beead9c43c9e232a37b7bd8e2606e95eea1bc7071,2026-09-25T04:44:31.446725+00:00,False,"[""Unresolved relevant source content: c9be0ff89c00, c831740c8d89""]",,,"[{""source_rule_id"": ""AFWA-MW-2026.1"", ""jurisdiction"": ""Asteria"", ""amount"": ""12.91"", ""effective_from"": ""2026-09-25"", ""candidate_id"": ""c831740c8d89e827d31a14ae63babd02158a310987bbba608efa1643f88800d1""}]",,,,
AST-0012,2026-09-25,Federal Territory,,AST,,,,REVIEW_REQUIRED,,,,a55f8c244fa2be8cda3fde3b49ef0b27d6acbf0a3d8b7e9dcb74e0c79cd207c1,2026-09-25T04:44:31.446725+00:00,False,"[""Active status conflicts with start date after evaluation date: 2026-12-12""]",12.42,,"[{""source_rule_id"": ""AFWA-MW-2026.1"", ""jurisdiction"": ""Asteria"", ""amount"": ""12.91"", ""effective_from"": ""2026-09-25"", ""candidate_id"": ""c831740c8d89e827d31a14ae63babd02158a310987bbba608efa1643f88800d1""}]",,,,
AST-0013,2026-09-25,Federal Territory,12.16,AST,,,,REVIEW_REQUIRED,,,,b39e5cdf41579c174fe195d4265f0e81a8fcee003674bd4424f314307d584f08,2026-09-25T04:44:31.446725+00:00,False,"[""Unresolved relevant source content: c9be0ff89c00, c831740c8d89""]",,,"[{""source_rule_id"": ""AFWA-MW-2026.1"", ""jurisdiction"": ""Asteria"", ""amount"": ""12.91"", ""effective_from"": ""2026-09-25"", ""candidate_id"": ""c831740c8d89e827d31a14ae63babd02158a310987bbba608efa1643f88800d1""}]",,,,
AST-0014,2026-09-25,Federal Territory,12.59,AST,,,,REVIEW_REQUIRED,,,,d4c86658208ceafdec9fe8e485ed01781b54ae06c3c7bcd41b329f6531342ba1,2026-09-25T04:44:31.446725+00:00,False,"[""Unresolved relevant source content: c9be0ff89c00, c831740c8d89""]",,,"[{""source_rule_id"": ""AFWA-MW-2026.1"", ""jurisdiction"": ""Asteria"", ""amount"": ""12.91"", ""effective_from"": ""2026-09-25"", ""candidate_id"": ""c831740c8d89e827d31a14ae63babd02158a310987bbba608efa1643f88800d1""}]",,,,
AST-0015,2026-09-25,Federal Territory,,AST,,,,REVIEW_REQUIRED,,,,d3b836cfabb709d683403ce0454a80c852ab3d4d65c0a496cd6e2fadd87354d2,2026-09-25T04:44:31.446725+00:00,False,"[""No authority supplied for converting annual salary to an hourly compliance wage.""]",13.83,,"[{""source_rule_id"": ""AFWA-MW-2026.1"", ""jurisdiction"": ""Asteria"", ""amount"": ""12.91"", ""effective_from"": ""2026-09-25"", ""candidate_id"": ""c831740c8d89e827d31a14ae63babd02158a310987bbba608efa1643f88800d1""}]",,,,
AST-0016,2026-09-25,Federal Territory,13.45,AST,,,,REVIEW_REQUIRED,,,,a65259d24afba8aff53c6c4193065b3aca60dfcf529b23161084e163a2c810c8,2026-09-25T04:44:31.446725+00:00,False,"[""Unresolved relevant source content: c9be0ff89c00, c831740c8d89""]",,,"[{""source_rule_id"": ""AFWA-MW-2026.1"", ""jurisdiction"": ""Asteria"", ""amount"": ""12.91"", ""effective_from"": ""2026-09-25"", ""candidate_id"": ""c831740c8d89e827d31a14ae63babd02158a310987bbba608efa1643f88800d1""}]",,,,
AST-0017,2026-09-25,Federal Territory,13.88,AST,,,,REVIEW_REQUIRED,,,,e6089814d74489666432a7af44216bd9c92432eeda41441272c8c7604046ee8e,2026-09-25T04:44:31.447720+00:00,False,"[""Unresolved relevant source content: c9be0ff89c00, c831740c8d89""]",,,"[{""source_rule_id"": ""AFWA-MW-2026.1"", ""jurisdiction"": ""Asteria"", ""amount"": ""12.91"", ""effective_from"": ""2026-09-25"", ""candidate_id"": ""c831740c8d89e827d31a14ae63babd02158a310987bbba608efa1643f88800d1""}]",,,,
AST-0018,2026-09-25,Federal Territory,,AST,,,,REVIEW_REQUIRED,,,,50c68114deac529dbb58a445e1d9d1fecd13ef0796a2be28d73dff44e8e8dc91,2026-09-25T04:44:31.447720+00:00,False,"[""No authority supplied for converting annual salary to an hourly compliance wage.""]",15.24,,"[{""source_rule_id"": ""AFWA-MW-2026.1"", ""jurisdiction"": ""Asteria"", ""amount"": ""12.91"", ""effective_from"": ""2026-09-25"", ""candidate_id"": ""c831740c8d89e827d31a14ae63babd02158a310987bbba608efa1643f88800d1""}]",,,,
AST-0019,2026-09-25,Federal Territory,14.74,AST,,,,REVIEW_REQUIRED,,,,1f272df0c68aeeb66cdb9e814e4f8d86a7ca77b827a7cf5292b7d1885059d493,2026-09-25T04:44:31.447720+00:00,False,"[""Unresolved relevant source content: c9be0ff89c00, c831740c8d89""]",,,"[{""source_rule_id"": ""AFWA-MW-2026.1"", ""jurisdiction"": ""Asteria"", ""amount"": ""12.91"", ""effective_from"": ""2026-09-25"", ""candidate_id"": ""c831740c8d89e827d31a14ae63babd02158a310987bbba608efa1643f88800d1""}]",,,,
AST-0020,2026-09-25,Federal Territory,15.17,AST,,,,REVIEW_REQUIRED,,,,dcacbb385069cc62af4726842e8312766f614990deaa82b8e1827102f978037e,2026-09-25T04:44:31.447720+00:00,False,"[""Unresolved relevant source content: c9be0ff89c00, c831740c8d89""]",,,"[{""source_rule_id"": ""AFWA-MW-2026.1"", ""jurisdiction"": ""Asteria"", ""amount"": ""12.91"", ""effective_from"": ""2026-09-25"", ""candidate_id"": ""c831740c8d89e827d31a14ae63babd02158a310987bbba608efa1643f88800d1""}]",,,,
AST-0021,2026-09-25,Federal Territory,,AST,,,,REVIEW_REQUIRED,,,,2da3bcb48cdc585b51057ec6b89195a8ac63c9fe9cd5ae020fc20635a39804fc,2026-09-25T04:44:31.447720+00:00,False,"[""No authority supplied for converting annual salary to an hourly compliance wage.""]",16.65,,"[{""source_rule_id"": ""AFWA-MW-2026.1"", ""jurisdiction"": ""Asteria"", ""amount"": ""12.91"", ""effective_from"": ""2026-09-25"", ""candidate_id"": ""c831740c8d89e827d31a14ae63babd02158a310987bbba608efa1643f88800d1""}]",,,,
AST-0022,2026-09-25,Federal Territory,16.03,AST,,,,REVIEW_REQUIRED,,,,9bfd2f396f7c9122e10e7e3fcdb8dbba8e78e42512c68ec5f4743ef5fe50a57f,2026-09-25T04:44:31.447720+00:00,False,"[""Unresolved relevant source content: c9be0ff89c00, c831740c8d89""]",,,"[{""source_rule_id"": ""AFWA-MW-2026.1"", ""jurisdiction"": ""Asteria"", ""amount"": ""12.91"", ""effective_from"": ""2026-09-25"", ""candidate_id"": ""c831740c8d89e827d31a14ae63babd02158a310987bbba608efa1643f88800d1""}]",,,,
AST-0023,2026-09-25,Federal Territory,16.46,AST,,,,REVIEW_REQUIRED,,,,a80ee950d09bf647277b86d9d811e2d0e68f1273fb7f2623af4a367def5287eb,2026-09-25T04:44:31.448709+00:00,False,"[""Unresolved relevant source content: c9be0ff89c00, c831740c8d89""]",,,"[{""source_rule_id"": ""AFWA-MW-2026.1"", ""jurisdiction"": ""Asteria"", ""amount"": ""12.91"", ""effective_from"": ""2026-09-25"", ""candidate_id"": ""c831740c8d89e827d31a14ae63babd02158a310987bbba608efa1643f88800d1""}]",,,,
AST-0024,2026-09-25,Federal Territory,,AST,,,,REVIEW_REQUIRED,,,,fe96c0946ea5b99646c66ed43d837bf2966de9ffa1bac2578fe42fa1e3f2681d,2026-09-25T04:44:31.448709+00:00,False,"[""Active status conflicts with start date after evaluation date: 2026-12-04""]",18.06,,"[{""source_rule_id"": ""AFWA-MW-2026.1"", ""jurisdiction"": ""Asteria"", ""amount"": ""12.91"", ""effective_from"": ""2026-09-25"", ""candidate_id"": ""c831740c8d89e827d31a14ae63babd02158a310987bbba608efa1643f88800d1""}]",,,,
AST-0025,2026-09-25,Bellwether,17.32,AST,,,,REVIEW_REQUIRED,,,,3d2d6534e53036cf672b2f3bc0588eda975e113f34f80e37808e9ca931b99f93,2026-09-25T04:44:31.448709+00:00,False,"[""Unresolved relevant source content: c9be0ff89c00, c831740c8d89, 6dfcbda7f08f""]",,,"[{""source_rule_id"": ""AFWA-MW-2026.1"", ""jurisdiction"": ""Asteria"", ""amount"": ""12.91"", ""effective_from"": ""2026-09-25"", ""candidate_id"": ""c831740c8d89e827d31a14ae63babd02158a310987bbba608efa1643f88800d1""}, {""source_rule_id"": ""BDL-MW-2026.1"", ""jurisdiction"": ""Bellwether"", ""amount"": ""16.63"", ""effective_from"": ""2026-09-25"", ""candidate_id"": ""6dfcbda7f08f713c27b5a365db99c841920645206a8259b2f885e34f69f390aa""}]",,,,
AST-0026,2026-09-25,Bellwether,17.75,AST,,,,REVIEW_REQUIRED,,,,b3a755b8390bc1ce4cc71264baa8465c121d610406104ff98014fd68b49c8ffc,2026-09-25T04:44:31.448709+00:00,False,"[""Unresolved relevant source content: c9be0ff89c00, c831740c8d89, 6dfcbda7f08f""]",,,"[{""source_rule_id"": ""AFWA-MW-2026.1"", ""jurisdiction"": ""Asteria"", ""amount"": ""12.91"", ""effective_from"": ""2026-09-25"", ""candidate_id"": ""c831740c8d89e827d31a14ae63babd02158a310987bbba608efa1643f88800d1""}, {""source_rule_id"": ""BDL-MW-2026.1"", ""jurisdiction"": ""Bellwether"", ""amount"": ""16.63"", ""effective_from"": ""2026-09-25"", ""candidate_id"": ""6dfcbda7f08f713c27b5a365db99c841920645206a8259b2f885e34f69f390aa""}]",,,,
AST-0027,2026-09-25,Bellwether,,AST,,,,REVIEW_REQUIRED,,,,45a915610f8f5867f2d9aeb2300288269c67cdcb54ca148151ecf019a08195f3,2026-09-25T04:44:31.449709+00:00,False,"[""No authority supplied for converting annual salary to an hourly compliance wage.""]",19.47,,"[{""source_rule_id"": ""AFWA-MW-2026.1"", ""jurisdiction"": ""Asteria"", ""amount"": ""12.91"", ""effective_from"": ""2026-09-25"", ""candidate_id"": ""c831740c8d89e827d31a14ae63babd02158a310987bbba608efa1643f88800d1""}, {""source_rule_id"": ""BDL-MW-2026.1"", ""jurisdiction"": ""Bellwether"", ""amount"": ""16.63"", ""effective_from"": ""2026-09-25"", ""candidate_id"": ""6dfcbda7f08f713c27b5a365db99c841920645206a8259b2f885e34f69f390aa""}]",,,,
AST-0028,2026-09-25,Bellwether,18.61,AST,,,,REVIEW_REQUIRED,,,,2033fe3b8d55550592ae4673199a1d742674593426c83e9a3794ffe2a253a3e9,2026-09-25T04:44:31.449709+00:00,False,"[""Unresolved relevant source content: c9be0ff89c00, c831740c8d89, 6dfcbda7f08f""]",,,"[{""source_rule_id"": ""AFWA-MW-2026.1"", ""jurisdiction"": ""Asteria"", ""amount"": ""12.91"", ""effective_from"": ""2026-09-25"", ""candidate_id"": ""c831740c8d89e827d31a14ae63babd02158a310987bbba608efa1643f88800d1""}, {""source_rule_id"": ""BDL-MW-2026.1"", ""jurisdiction"": ""Bellwether"", ""amount"": ""16.63"", ""effective_from"": ""2026-09-25"", ""candidate_id"": ""6dfcbda7f08f713c27b5a365db99c841920645206a8259b2f885e34f69f390aa""}]",,,,
AST-0029,2026-09-25,Bellwether,19.04,AST,,,,REVIEW_REQUIRED,,,,62d6ca4e65ff84bdc0af8ffb30a5aeee0900ae4497bc1a8ba2b59de60c460b11,2026-09-25T04:44:31.449709+00:00,False,"[""Unresolved relevant source content: c9be0ff89c00, c831740c8d89, 6dfcbda7f08f""]",,,"[{""source_rule_id"": ""AFWA-MW-2026.1"", ""jurisdiction"": ""Asteria"", ""amount"": ""12.91"", ""effective_from"": ""2026-09-25"", ""candidate_id"": ""c831740c8d89e827d31a14ae63babd02158a310987bbba608efa1643f88800d1""}, {""source_rule_id"": ""BDL-MW-2026.1"", ""jurisdiction"": ""Bellwether"", ""amount"": ""16.63"", ""effective_from"": ""2026-09-25"", ""candidate_id"": ""6dfcbda7f08f713c27b5a365db99c841920645206a8259b2f885e34f69f390aa""}]",,,,
AST-0030,2026-09-25,Bellwether,,AST,,,,REVIEW_REQUIRED,,,,338adf7a5ba1645c36d0caa794ac34c8bae7eca152d8f4202d256a94eb488c61,2026-09-25T04:44:31.450716+00:00,False,"[""No authority supplied for converting annual salary to an hourly compliance wage.""]",7.88,,"[{""source_rule_id"": ""AFWA-MW-2026.1"", ""jurisdiction"": ""Asteria"", ""amount"": ""12.91"", ""effective_from"": ""2026-09-25"", ""candidate_id"": ""c831740c8d89e827d31a14ae63babd02158a310987bbba608efa1643f88800d1""}, {""source_rule_id"": ""BDL-MW-2026.1"", ""jurisdiction"": ""Bellwether"", ""amount"": ""16.63"", ""effective_from"": ""2026-09-25"", ""candidate_id"": ""6dfcbda7f08f713c27b5a365db99c841920645206a8259b2f885e34f69f390aa""}]",,,,
AST-0031,2026-09-25,Bellwether,19.9,AST,,,,REVIEW_REQUIRED,,,,59003d0cd2a0f627107decda0e659e4ec8c3121fff89e61b9b5cf8cde2a047c8,2026-09-25T04:44:31.450716+00:00,False,"[""Unresolved relevant source content: c9be0ff89c00, c831740c8d89, 6dfcbda7f08f""]",,,"[{""source_rule_id"": ""AFWA-MW-2026.1"", ""jurisdiction"": ""Asteria"", ""amount"": ""12.91"", ""effective_from"": ""2026-09-25"", ""candidate_id"": ""c831740c8d89e827d31a14ae63babd02158a310987bbba608efa1643f88800d1""}, {""source_rule_id"": ""BDL-MW-2026.1"", ""jurisdiction"": ""Bellwether"", ""amount"": ""16.63"", ""effective_from"": ""2026-09-25"", ""candidate_id"": ""6dfcbda7f08f713c27b5a365db99c841920645206a8259b2f885e34f69f390aa""}]",,,,
AST-0032,2026-09-25,Bellwether,7.33,AST,,,,REVIEW_REQUIRED,,,,61e118f7a5a8aa2f106913bbbb1069e354960573f55bc52e5471defde1c7facb,2026-09-25T04:44:31.450716+00:00,False,"[""Unresolved relevant source content: c9be0ff89c00, c831740c8d89, 6dfcbda7f08f""]",,,"[{""source_rule_id"": ""AFWA-MW-2026.1"", ""jurisdiction"": ""Asteria"", ""amount"": ""12.91"", ""effective_from"": ""2026-09-25"", ""candidate_id"": ""c831740c8d89e827d31a14ae63babd02158a310987bbba608efa1643f88800d1""}, {""source_rule_id"": ""BDL-MW-2026.1"", ""jurisdiction"": ""Bellwether"", ""amount"": ""16.63"", ""effective_from"": ""2026-09-25"", ""candidate_id"": ""6dfcbda7f08f713c27b5a365db99c841920645206a8259b2f885e34f69f390aa""}]",,,,
AST-0033,2026-09-25,Bellwether,,AST,,,,REVIEW_REQUIRED,,,,c57994c89a6a3f737413166ccf17e0071ecb79e28e3d6883021dae9b866eac10,2026-09-25T04:44:31.450716+00:00,False,"[""No authority supplied for converting annual salary to an hourly compliance wage.""]",9.29,,"[{""source_rule_id"": ""AFWA-MW-2026.1"", ""jurisdiction"": ""Asteria"", ""amount"": ""12.91"", ""effective_from"": ""2026-09-25"", ""candidate_id"": ""c831740c8d89e827d31a14ae63babd02158a310987bbba608efa1643f88800d1""}, {""source_rule_id"": ""BDL-MW-2026.1"", ""jurisdiction"": ""Bellwether"", ""amount"": ""16.63"", ""effective_from"": ""2026-09-25"", ""candidate_id"": ""6dfcbda7f08f713c27b5a365db99c841920645206a8259b2f885e34f69f390aa""}]",,,,
AST-0034,2026-09-25,Bellwether,8.19,AST,,,,REVIEW_REQUIRED,,,,b9010feafa4ab1617aa685b43326b0f470e8c3435c02d41cf14519475370ba9b,2026-09-25T04:44:31.451716+00:00,False,"[""Unresolved relevant source content: c9be0ff89c00, c831740c8d89, 6dfcbda7f08f""]",,,"[{""source_rule_id"": ""AFWA-MW-2026.1"", ""jurisdiction"": ""Asteria"", ""amount"": ""12.91"", ""effective_from"": ""2026-09-25"", ""candidate_id"": ""c831740c8d89e827d31a14ae63babd02158a310987bbba608efa1643f88800d1""}, {""source_rule_id"": ""BDL-MW-2026.1"", ""jurisdiction"": ""Bellwether"", ""amount"": ""16.63"", ""effective_from"": ""2026-09-25"", ""candidate_id"": ""6dfcbda7f08f713c27b5a365db99c841920645206a8259b2f885e34f69f390aa""}]",,,,
AST-0035,2026-09-25,Bellwether,8.62,AST,,,,REVIEW_REQUIRED,,,,2b1f2d7d1c7402d71151cf8c7d2c053fb1fc37811fd8bd345a6117732393a41a,2026-09-25T04:44:31.451716+00:00,False,"[""Unresolved relevant source content: c9be0ff89c00, c831740c8d89, 6dfcbda7f08f""]",,,"[{""source_rule_id"": ""AFWA-MW-2026.1"", ""jurisdiction"": ""Asteria"", ""amount"": ""12.91"", ""effective_from"": ""2026-09-25"", ""candidate_id"": ""c831740c8d89e827d31a14ae63babd02158a310987bbba608efa1643f88800d1""}, {""source_rule_id"": ""BDL-MW-2026.1"", ""jurisdiction"": ""Bellwether"", ""amount"": ""16.63"", ""effective_from"": ""2026-09-25"", ""candidate_id"": ""6dfcbda7f08f713c27b5a365db99c841920645206a8259b2f885e34f69f390aa""}]",,,,
AST-0036,2026-09-25,Bellwether,,AST,,,,REVIEW_REQUIRED,,,,b745d7d0bccef6d3d8620727b86feff88e4d0f914383d0cfe6f448201995bcae,2026-09-25T04:44:31.451716+00:00,False,"[""Active status conflicts with start date after evaluation date: 2026-12-16""]",10.70,,"[{""source_rule_id"": ""AFWA-MW-2026.1"", ""jurisdiction"": ""Asteria"", ""amount"": ""12.91"", ""effective_from"": ""2026-09-25"", ""candidate_id"": ""c831740c8d89e827d31a14ae63babd02158a310987bbba608efa1643f88800d1""}, {""source_rule_id"": ""BDL-MW-2026.1"", ""jurisdiction"": ""Bellwether"", ""amount"": ""16.63"", ""effective_from"": ""2026-09-25"", ""candidate_id"": ""6dfcbda7f08f713c27b5a365db99c841920645206a8259b2f885e34f69f390aa""}]",,,,
AST-0037,2026-09-25,Bellwether,9.48,AST,,,,REVIEW_REQUIRED,,,,c9c1a5f38d2dad45c06533cc60bbe7b76fd34276a45ee47574fc8e10c0327bd9,2026-09-25T04:44:31.451716+00:00,False,"[""Unresolved relevant source content: c9be0ff89c00, c831740c8d89, 6dfcbda7f08f""]",,,"[{""source_rule_id"": ""AFWA-MW-2026.1"", ""jurisdiction"": ""Asteria"", ""amount"": ""12.91"", ""effective_from"": ""2026-09-25"", ""candidate_id"": ""c831740c8d89e827d31a14ae63babd02158a310987bbba608efa1643f88800d1""}, {""source_rule_id"": ""BDL-MW-2026.1"", ""jurisdiction"": ""Bellwether"", ""amount"": ""16.63"", ""effective_from"": ""2026-09-25"", ""candidate_id"": ""6dfcbda7f08f713c27b5a365db99c841920645206a8259b2f885e34f69f390aa""}]",,,,
AST-0038,2026-09-25,Bellwether,9.91,AST,,,,REVIEW_REQUIRED,,,,b1ce9d3ec9023ca46a35059a597762be40eccdf8352c69198837221cd98b82cc,2026-09-25T04:44:31.452715+00:00,False,"[""Unresolved relevant source content: c9be0ff89c00, c831740c8d89, 6dfcbda7f08f""]",,,"[{""source_rule_id"": ""AFWA-MW-2026.1"", ""jurisdiction"": ""Asteria"", ""amount"": ""12.91"", ""effective_from"": ""2026-09-25"", ""candidate_id"": ""c831740c8d89e827d31a14ae63babd02158a310987bbba608efa1643f88800d1""}, {""source_rule_id"": ""BDL-MW-2026.1"", ""jurisdiction"": ""Bellwether"", ""amount"": ""16.63"", ""effective_from"": ""2026-09-25"", ""candidate_id"": ""6dfcbda7f08f713c27b5a365db99c841920645206a8259b2f885e34f69f390aa""}]",,,,
AST-0039,2026-09-25,Bellwether,,AST,,,,REVIEW_REQUIRED,,,,8cad8c45e15ede409b658d636746fd0d04325d7c379b5e9d8e744908bf771b09,2026-09-25T04:44:31.452715+00:00,False,"[""No authority supplied for converting annual salary to an hourly compliance wage.""]",12.11,,"[{""source_rule_id"": ""AFWA-MW-2026.1"", ""jurisdiction"": ""Asteria"", ""amount"": ""12.91"", ""effective_from"": ""2026-09-25"", ""candidate_id"": ""c831740c8d89e827d31a14ae63babd02158a310987bbba608efa1643f88800d1""}, {""source_rule_id"": ""BDL-MW-2026.1"", ""jurisdiction"": ""Bellwether"", ""amount"": ""16.63"", ""effective_from"": ""2026-09-25"", ""candidate_id"": ""6dfcbda7f08f713c27b5a365db99c841920645206a8259b2f885e34f69f390aa""}]",,,,
AST-0040,2026-09-25,Bellwether,10.77,AST,,,,REVIEW_REQUIRED,,,,40d3223f5087b9909ce5be312f260a3e14a58a3584838656ae82d076bbd109e8,2026-09-25T04:44:31.452715+00:00,False,"[""Unresolved relevant source content: c9be0ff89c00, c831740c8d89, 6dfcbda7f08f""]",,,"[{""source_rule_id"": ""AFWA-MW-2026.1"", ""jurisdiction"": ""Asteria"", ""amount"": ""12.91"", ""effective_from"": ""2026-09-25"", ""candidate_id"": ""c831740c8d89e827d31a14ae63babd02158a310987bbba608efa1643f88800d1""}, {""source_rule_id"": ""BDL-MW-2026.1"", ""jurisdiction"": ""Bellwether"", ""amount"": ""16.63"", ""effective_from"": ""2026-09-25"", ""candidate_id"": ""6dfcbda7f08f713c27b5a365db99c841920645206a8259b2f885e34f69f390aa""}]",,,,
AST-0041,2026-09-25,Bellwether,11.2,AST,,,,REVIEW_REQUIRED,,,,01f6e597af35dcb020d7be108a7ea7a079f9387a465c5e7d0b52a6fcc3f20ae2,2026-09-25T04:44:31.453715+00:00,False,"[""Unresolved relevant source content: c9be0ff89c00, c831740c8d89, 6dfcbda7f08f""]",,,"[{""source_rule_id"": ""AFWA-MW-2026.1"", ""jurisdiction"": ""Asteria"", ""amount"": ""12.91"", ""effective_from"": ""2026-09-25"", ""candidate_id"": ""c831740c8d89e827d31a14ae63babd02158a310987bbba608efa1643f88800d1""}, {""source_rule_id"": ""BDL-MW-2026.1"", ""jurisdiction"": ""Bellwether"", ""amount"": ""16.63"", ""effective_from"": ""2026-09-25"", ""candidate_id"": ""6dfcbda7f08f713c27b5a365db99c841920645206a8259b2f885e34f69f390aa""}]",,,,
AST-0042,2026-09-25,Bellwether,,AST,,,,REVIEW_REQUIRED,,,,452b0ad2dd1df4b9309a81d6e48e2b69148722c5018e712b0318392ebb863f51,2026-09-25T04:44:31.453715+00:00,False,"[""No authority supplied for converting annual salary to an hourly compliance wage.""]",13.52,,"[{""source_rule_id"": ""AFWA-MW-2026.1"", ""jurisdiction"": ""Asteria"", ""amount"": ""12.91"", ""effective_from"": ""2026-09-25"", ""candidate_id"": ""c831740c8d89e827d31a14ae63babd02158a310987bbba608efa1643f88800d1""}, {""source_rule_id"": ""BDL-MW-2026.1"", ""jurisdiction"": ""Bellwether"", ""amount"": ""16.63"", ""effective_from"": ""2026-09-25"", ""candidate_id"": ""6dfcbda7f08f713c27b5a365db99c841920645206a8259b2f885e34f69f390aa""}]",,,,
AST-0043,2026-09-25,Bellwether,12.06,AST,,,,REVIEW_REQUIRED,,,,97ae81c16dc49499fc8edab10ec93c51587759ca000f4e1c2bc45d8c45fb23ee,2026-09-25T04:44:31.453715+00:00,False,"[""Unresolved relevant source content: c9be0ff89c00, c831740c8d89, 6dfcbda7f08f""]",,,"[{""source_rule_id"": ""AFWA-MW-2026.1"", ""jurisdiction"": ""Asteria"", ""amount"": ""12.91"", ""effective_from"": ""2026-09-25"", ""candidate_id"": ""c831740c8d89e827d31a14ae63babd02158a310987bbba608efa1643f88800d1""}, {""source_rule_id"": ""BDL-MW-2026.1"", ""jurisdiction"": ""Bellwether"", ""amount"": ""16.63"", ""effective_from"": ""2026-09-25"", ""candidate_id"": ""6dfcbda7f08f713c27b5a365db99c841920645206a8259b2f885e34f69f390aa""}]",,,,
AST-0044,2026-09-25,Bellwether,12.49,AST,,,,REVIEW_REQUIRED,,,,ba87f7f9e28a176754e98ccddb4813b07c90f092ea569df4bde09dc482d5057c,2026-09-25T04:44:31.453715+00:00,False,"[""Unresolved relevant source content: c9be0ff89c00, c831740c8d89, 6dfcbda7f08f""]",,,"[{""source_rule_id"": ""AFWA-MW-2026.1"", ""jurisdiction"": ""Asteria"", ""amount"": ""12.91"", ""effective_from"": ""2026-09-25"", ""candidate_id"": ""c831740c8d89e827d31a14ae63babd02158a310987bbba608efa1643f88800d1""}, {""source_rule_id"": ""BDL-MW-2026.1"", ""jurisdiction"": ""Bellwether"", ""amount"": ""16.63"", ""effective_from"": ""2026-09-25"", ""candidate_id"": ""6dfcbda7f08f713c27b5a365db99c841920645206a8259b2f885e34f69f390aa""}]",,,,
AST-0045,2026-09-25,Bellwether,,AST,,,,REVIEW_REQUIRED,,,,3005297c17fdceee02ebfadc83f726983a716b42910d2f873682daf015e4cc3d,2026-09-25T04:44:31.454709+00:00,False,"[""No authority supplied for converting annual salary to an hourly compliance wage.""]",14.93,,"[{""source_rule_id"": ""AFWA-MW-2026.1"", ""jurisdiction"": ""Asteria"", ""amount"": ""12.91"", ""effective_from"": ""2026-09-25"", ""candidate_id"": ""c831740c8d89e827d31a14ae63babd02158a310987bbba608efa1643f88800d1""}, {""source_rule_id"": ""BDL-MW-2026.1"", ""jurisdiction"": ""Bellwether"", ""amount"": ""16.63"", ""effective_from"": ""2026-09-25"", ""candidate_id"": ""6dfcbda7f08f713c27b5a365db99c841920645206a8259b2f885e34f69f390aa""}]",,,,
AST-0046,2026-09-25,Bellwether,13.35,AST,,,,REVIEW_REQUIRED,,,,43426f9c5bf40d10b1047c66e9e85703654c98e19af6c59e42ec3484a1382aff,2026-09-25T04:44:31.454709+00:00,False,"[""Unresolved relevant source content: c9be0ff89c00, c831740c8d89, 6dfcbda7f08f""]",,,"[{""source_rule_id"": ""AFWA-MW-2026.1"", ""jurisdiction"": ""Asteria"", ""amount"": ""12.91"", ""effective_from"": ""2026-09-25"", ""candidate_id"": ""c831740c8d89e827d31a14ae63babd02158a310987bbba608efa1643f88800d1""}, {""source_rule_id"": ""BDL-MW-2026.1"", ""jurisdiction"": ""Bellwether"", ""amount"": ""16.63"", ""effective_from"": ""2026-09-25"", ""candidate_id"": ""6dfcbda7f08f713c27b5a365db99c841920645206a8259b2f885e34f69f390aa""}]",,,,
AST-0047,2026-09-25,Bellwether,13.78,AST,,,,REVIEW_REQUIRED,,,,efd59fbf8bf3867b486d03d9f3858d4e6c84fd1fbadab5b4bd0e892f872943fe,2026-09-25T04:44:31.454709+00:00,False,"[""Unresolved relevant source content: c9be0ff89c00, c831740c8d89, 6dfcbda7f08f""]",,,"[{""source_rule_id"": ""AFWA-MW-2026.1"", ""jurisdiction"": ""Asteria"", ""amount"": ""12.91"", ""effective_from"": ""2026-09-25"", ""candidate_id"": ""c831740c8d89e827d31a14ae63babd02158a310987bbba608efa1643f88800d1""}, {""source_rule_id"": ""BDL-MW-2026.1"", ""jurisdiction"": ""Bellwether"", ""amount"": ""16.63"", ""effective_from"": ""2026-09-25"", ""candidate_id"": ""6dfcbda7f08f713c27b5a365db99c841920645206a8259b2f885e34f69f390aa""}]",,,,
AST-0048,2026-09-25,Bellwether,,AST,,,,REVIEW_REQUIRED,,,,ebc46dd4b417072e5bbe9ad2c8cc408e9419ecb0d6997ecb21bfc31fbe81d53b,2026-09-25T04:44:31.455723+00:00,False,"[""Active status conflicts with start date after evaluation date: 2026-12-08""]",16.34,,"[{""source_rule_id"": ""AFWA-MW-2026.1"", ""jurisdiction"": ""Asteria"", ""amount"": ""12.91"", ""effective_from"": ""2026-09-25"", ""candidate_id"": ""c831740c8d89e827d31a14ae63babd02158a310987bbba608efa1643f88800d1""}, {""source_rule_id"": ""BDL-MW-2026.1"", ""jurisdiction"": ""Bellwether"", ""amount"": ""16.63"", ""effective_from"": ""2026-09-25"", ""candidate_id"": ""6dfcbda7f08f713c27b5a365db99c841920645206a8259b2f885e34f69f390aa""}]",,,,
