employee_id,evaluation_date,work_jurisdiction,actual_hourly_wage,currency,controlling_minimum_wage,controlling_jurisdiction,controlling_rule_version,decision_state,hourly_shortfall,estimated_weekly_underpayment,source_url,evaluation_id,evaluation_timestamp,simulated,explanation,indicative_salary_hourly,approved_reference_floor,pending_rate_candidates,indicative_hourly_gap_to_reference,indicative_weekly_gap_to_reference,recorded_hourly_gap_to_reference,recorded_weekly_gap_to_reference
AST-0001,2026-09-24,Federal Territory,7,AST,12.73,Asteria,8a385406ba19a098f852680b5a587e7de4985d50a70b26c76500f2936a8e253e,NON_COMPLIANT,5.73,114.60,https://asterian-federal-wage-site.vercel.app/#current-rate,a4351c35475e3c1a8616c34fce4c9798b66973e6f5e8cdc0b76f03c69d6e9cea,2026-09-24T10:02:00+00:00,True,"[""Select latest approved effective rule per jurisdiction; apply highest floor. Equality passes. Amounts compared before rounding."", ""Weekly estimate uses scheduled hours, not actual historical hours; not a payroll liability total."", ""Hourly wage 7 AST compared with 12.73 AST/hour.""]",,12.73,[],,,5.73,114.60
AST-0002,2026-09-24,Federal Territory,7.43,AST,12.73,Asteria,8a385406ba19a098f852680b5a587e7de4985d50a70b26c76500f2936a8e253e,NON_COMPLIANT,5.30,169.60,https://asterian-federal-wage-site.vercel.app/#current-rate,5d6088718fe6cedb5a98f6658b79deb0abc04b7765ee7086d104b060590cc482,2026-09-24T10:02:00+00:00,True,"[""Select latest approved effective rule per jurisdiction; apply highest floor. Equality passes. Amounts compared before rounding."", ""Weekly estimate uses scheduled hours, not actual historical hours; not a payroll liability total."", ""Hourly wage 7.43 AST compared with 12.73 AST/hour.""]",,12.73,[],,,5.30,169.60
AST-0003,2026-09-24,Federal Territory,,AST,,,,REVIEW_REQUIRED,,,,44e1546556641a0aa00bd0dbb2671aaf75505d22ff09ae1b73095871bea3ef46,2026-09-24T10:02:00+00:00,True,"[""No authority supplied for converting annual salary to an hourly compliance wage.""]",8.19,12.73,[],4.54,158.90,,
AST-0004,2026-09-24,Federal Territory,8.29,AST,12.73,Asteria,8a385406ba19a098f852680b5a587e7de4985d50a70b26c76500f2936a8e253e,NON_COMPLIANT,4.44,166.50,https://asterian-federal-wage-site.vercel.app/#current-rate,640058f77ea8bc64917a22d50a78d2de205ea0d8562cf8b85d6c8fbe8517c56c,2026-09-24T10:02:00+00:00,True,"[""Select latest approved effective rule per jurisdiction; apply highest floor. Equality passes. Amounts compared before rounding."", ""Weekly estimate uses scheduled hours, not actual historical hours; not a payroll liability total."", ""Hourly wage 8.29 AST compared with 12.73 AST/hour.""]",,12.73,[],,,4.44,166.50
AST-0005,2026-09-24,Federal Territory,8.72,AST,12.73,Asteria,8a385406ba19a098f852680b5a587e7de4985d50a70b26c76500f2936a8e253e,NON_COMPLIANT,4.01,160.40,https://asterian-federal-wage-site.vercel.app/#current-rate,eb405ea4b329bc20c5c0b8084ac18443f0cc2596397f112f2a3fbf3d16b82881,2026-09-24T10:02:00+00:00,True,"[""Select latest approved effective rule per jurisdiction; apply highest floor. Equality passes. Amounts compared before rounding."", ""Weekly estimate uses scheduled hours, not actual historical hours; not a payroll liability total."", ""Hourly wage 8.72 AST compared with 12.73 AST/hour.""]",,12.73,[],,,4.01,160.40
AST-0006,2026-09-24,Federal Territory,,AST,,,,REVIEW_REQUIRED,,,,c00af8ae0f97f5b91377ba4fb725485d747e4189ed77e0241058c21cc238c83b,2026-09-24T10:02:00+00:00,True,"[""No authority supplied for converting annual salary to an hourly compliance wage.""]",9.60,12.73,[],3.13,62.60,,
AST-0007,2026-09-24,Federal Territory,9.58,AST,12.73,Asteria,8a385406ba19a098f852680b5a587e7de4985d50a70b26c76500f2936a8e253e,NON_COMPLIANT,3.15,100.80,https://asterian-federal-wage-site.vercel.app/#current-rate,0ec1bb0bf185a6918c64c83d5fcd510c038510ec7e5cf61d4158dc6c8898ef24,2026-09-24T10:02:00+00:00,True,"[""Select latest approved effective rule per jurisdiction; apply highest floor. Equality passes. Amounts compared before rounding."", ""Weekly estimate uses scheduled hours, not actual historical hours; not a payroll liability total."", ""Hourly wage 9.58 AST compared with 12.73 AST/hour.""]",,12.73,[],,,3.15,100.80
AST-0008,2026-09-24,Federal Territory,10.01,AST,12.73,Asteria,8a385406ba19a098f852680b5a587e7de4985d50a70b26c76500f2936a8e253e,NON_COMPLIANT,2.72,95.20,https://asterian-federal-wage-site.vercel.app/#current-rate,0f923546522f78da5dae390dd1805a3672a00d2fc56863bf6ecc2fed6c6d6986,2026-09-24T10:02:00+00:00,True,"[""Select latest approved effective rule per jurisdiction; apply highest floor. Equality passes. Amounts compared before rounding."", ""Weekly estimate uses scheduled hours, not actual historical hours; not a payroll liability total."", ""Hourly wage 10.01 AST compared with 12.73 AST/hour.""]",,12.73,[],,,2.72,95.20
AST-0009,2026-09-24,Federal Territory,,AST,,,,REVIEW_REQUIRED,,,,e3a4bd5552faabacbdd6b122323145913f764dcea6da1500980fb69e7e0d6a43,2026-09-24T10:02:00+00:00,True,"[""No authority supplied for converting annual salary to an hourly compliance wage.""]",11.01,12.73,[],1.72,64.49,,
AST-0010,2026-09-24,Federal Territory,10.87,AST,12.73,Asteria,8a385406ba19a098f852680b5a587e7de4985d50a70b26c76500f2936a8e253e,NON_COMPLIANT,1.86,74.40,https://asterian-federal-wage-site.vercel.app/#current-rate,a008b1056a3aaa77eb7404389027d71f96bbfee9924af982c443a10105d25b78,2026-09-24T10:02:00+00:00,True,"[""Select latest approved effective rule per jurisdiction; apply highest floor. Equality passes. Amounts compared before rounding."", ""Weekly estimate uses scheduled hours, not actual historical hours; not a payroll liability total."", ""Hourly wage 10.87 AST compared with 12.73 AST/hour.""]",,12.73,[],,,1.86,74.40
AST-0011,2026-09-24,Federal Territory,11.3,AST,12.73,Asteria,8a385406ba19a098f852680b5a587e7de4985d50a70b26c76500f2936a8e253e,NON_COMPLIANT,1.43,28.60,https://asterian-federal-wage-site.vercel.app/#current-rate,49da06ce7a243fc99db5f546b0ca4c625800e01a39d889c1eba02a196bbcf83b,2026-09-24T10:02:00+00:00,True,"[""Select latest approved effective rule per jurisdiction; apply highest floor. Equality passes. Amounts compared before rounding."", ""Weekly estimate uses scheduled hours, not actual historical hours; not a payroll liability total."", ""Hourly wage 11.3 AST compared with 12.73 AST/hour.""]",,12.73,[],,,1.43,28.60
AST-0012,2026-09-24,Federal Territory,,AST,,,,REVIEW_REQUIRED,,,,375023710596260bd93974d0b72bfd0ccda9b9a012e59d309d36288a74e17171,2026-09-24T10:02:00+00:00,True,"[""Active status conflicts with start date after evaluation date: 2026-12-12""]",12.42,12.73,[],0.31,9.92,,
AST-0013,2026-09-24,Federal Territory,12.16,AST,12.73,Asteria,8a385406ba19a098f852680b5a587e7de4985d50a70b26c76500f2936a8e253e,NON_COMPLIANT,0.57,19.95,https://asterian-federal-wage-site.vercel.app/#current-rate,1526cc8480b80a659a1c56defe035982a10a110649dfbcae48005d72fcbaad1d,2026-09-24T10:02:00+00:00,True,"[""Select latest approved effective rule per jurisdiction; apply highest floor. Equality passes. Amounts compared before rounding."", ""Weekly estimate uses scheduled hours, not actual historical hours; not a payroll liability total."", ""Hourly wage 12.16 AST compared with 12.73 AST/hour.""]",,12.73,[],,,0.57,19.95
AST-0014,2026-09-24,Federal Territory,12.59,AST,12.73,Asteria,8a385406ba19a098f852680b5a587e7de4985d50a70b26c76500f2936a8e253e,NON_COMPLIANT,0.14,5.25,https://asterian-federal-wage-site.vercel.app/#current-rate,fc1e8d0baa3d35e61a3655d2999dab6d10faf0ff6b57114ec2f9bc03b292ede1,2026-09-24T10:02:00+00:00,True,"[""Select latest approved effective rule per jurisdiction; apply highest floor. Equality passes. Amounts compared before rounding."", ""Weekly estimate uses scheduled hours, not actual historical hours; not a payroll liability total."", ""Hourly wage 12.59 AST compared with 12.73 AST/hour.""]",,12.73,[],,,0.14,5.25
AST-0015,2026-09-24,Federal Territory,,AST,,,,REVIEW_REQUIRED,,,,ed6ed75eb74dd2904e62c7df924e4dcda36cf14acf4304da799296089e8110fc,2026-09-24T10:02:00+00:00,True,"[""No authority supplied for converting annual salary to an hourly compliance wage.""]",13.83,12.73,[],0.00,0.00,,
AST-0016,2026-09-24,Federal Territory,13.45,AST,12.73,Asteria,8a385406ba19a098f852680b5a587e7de4985d50a70b26c76500f2936a8e253e,COMPLIANT,0.00,0.00,https://asterian-federal-wage-site.vercel.app/#current-rate,d52d8a01995c3156051081a3b8fa6afe14a4baeea72cbaa33979a70f1dddf889,2026-09-24T10:02:00+00:00,True,"[""Select latest approved effective rule per jurisdiction; apply highest floor. Equality passes. Amounts compared before rounding."", ""Weekly estimate uses scheduled hours, not actual historical hours; not a payroll liability total."", ""Hourly wage 13.45 AST compared with 12.73 AST/hour.""]",,12.73,[],,,0.00,0.00
AST-0017,2026-09-24,Federal Territory,13.88,AST,12.73,Asteria,8a385406ba19a098f852680b5a587e7de4985d50a70b26c76500f2936a8e253e,COMPLIANT,0.00,0.00,https://asterian-federal-wage-site.vercel.app/#current-rate,547d81b7bb58f1c0b33ba4a3519e7c50e3c7d62936dead1e096c4b4550fc212d,2026-09-24T10:02:00+00:00,True,"[""Select latest approved effective rule per jurisdiction; apply highest floor. Equality passes. Amounts compared before rounding."", ""Weekly estimate uses scheduled hours, not actual historical hours; not a payroll liability total."", ""Hourly wage 13.88 AST compared with 12.73 AST/hour.""]",,12.73,[],,,0.00,0.00
AST-0018,2026-09-24,Federal Territory,,AST,,,,REVIEW_REQUIRED,,,,2dc988f51a1fa49e1cf165499c24ee746ae1f3ef5300778a4f3495ae00fe9753,2026-09-24T10:02:00+00:00,True,"[""No authority supplied for converting annual salary to an hourly compliance wage.""]",15.24,12.73,[],0.00,0.00,,
AST-0019,2026-09-24,Federal Territory,14.74,AST,12.73,Asteria,8a385406ba19a098f852680b5a587e7de4985d50a70b26c76500f2936a8e253e,COMPLIANT,0.00,0.00,https://asterian-federal-wage-site.vercel.app/#current-rate,9293ff8505098f2ba81906f0b8853ffe369b82651642192761b1a8f215c89b14,2026-09-24T10:02:00+00:00,True,"[""Select latest approved effective rule per jurisdiction; apply highest floor. Equality passes. Amounts compared before rounding."", ""Weekly estimate uses scheduled hours, not actual historical hours; not a payroll liability total."", ""Hourly wage 14.74 AST compared with 12.73 AST/hour.""]",,12.73,[],,,0.00,0.00
AST-0020,2026-09-24,Federal Territory,15.17,AST,12.73,Asteria,8a385406ba19a098f852680b5a587e7de4985d50a70b26c76500f2936a8e253e,COMPLIANT,0.00,0.00,https://asterian-federal-wage-site.vercel.app/#current-rate,ddf0d7653a87bc2bb4403f1d4181e8123b65519df43a9fe69a041aa2d852c943,2026-09-24T10:02:00+00:00,True,"[""Select latest approved effective rule per jurisdiction; apply highest floor. Equality passes. Amounts compared before rounding."", ""Weekly estimate uses scheduled hours, not actual historical hours; not a payroll liability total."", ""Hourly wage 15.17 AST compared with 12.73 AST/hour.""]",,12.73,[],,,0.00,0.00
AST-0021,2026-09-24,Federal Territory,,AST,,,,REVIEW_REQUIRED,,,,d96a332bcd6a39cd7a6cef490e15d7bebdfa36953c34764e020c0fe357d8928c,2026-09-24T10:02:00+00:00,True,"[""No authority supplied for converting annual salary to an hourly compliance wage.""]",16.65,12.73,[],0.00,0.00,,
AST-0022,2026-09-24,Federal Territory,16.03,AST,12.73,Asteria,8a385406ba19a098f852680b5a587e7de4985d50a70b26c76500f2936a8e253e,COMPLIANT,0.00,0.00,https://asterian-federal-wage-site.vercel.app/#current-rate,333afa7478325ea2db38fb3e24366864ce12e63f6b56d19d3c44c0c03bb762a3,2026-09-24T10:02:00+00:00,True,"[""Select latest approved effective rule per jurisdiction; apply highest floor. Equality passes. Amounts compared before rounding."", ""Weekly estimate uses scheduled hours, not actual historical hours; not a payroll liability total."", ""Hourly wage 16.03 AST compared with 12.73 AST/hour.""]",,12.73,[],,,0.00,0.00
AST-0023,2026-09-24,Federal Territory,16.46,AST,12.73,Asteria,8a385406ba19a098f852680b5a587e7de4985d50a70b26c76500f2936a8e253e,COMPLIANT,0.00,0.00,https://asterian-federal-wage-site.vercel.app/#current-rate,95f2bd968b5d873fa13b7938aa99b02b2d9d834125f6578bc7998ee11d4a4c18,2026-09-24T10:02:00+00:00,True,"[""Select latest approved effective rule per jurisdiction; apply highest floor. Equality passes. Amounts compared before rounding."", ""Weekly estimate uses scheduled hours, not actual historical hours; not a payroll liability total."", ""Hourly wage 16.46 AST compared with 12.73 AST/hour.""]",,12.73,[],,,0.00,0.00
AST-0024,2026-09-24,Federal Territory,,AST,,,,REVIEW_REQUIRED,,,,c4fa9dc4c5fad34358022415ef046f9c6bb243c78d42cfab3897365b00e36e92,2026-09-24T10:02:00+00:00,True,"[""Active status conflicts with start date after evaluation date: 2026-12-04""]",18.06,12.73,[],0.00,0.00,,
AST-0025,2026-09-24,Bellwether,17.32,AST,,,,REVIEW_REQUIRED,,,,2763526b6058d168537dcc1956df85ff004acc5485c41182f2bce58c46154d33,2026-09-25T09:00:30+00:00,True,"[""Unresolved relevant source content: 0bd8fc13e310""]",,16.63,"[{""source_rule_id"": ""BDL-MW-2026.1"", ""jurisdiction"": ""Bellwether"", ""amount"": ""18.50"", ""effective_from"": ""2026-09-24"", ""candidate_id"": ""0bd8fc13e310929dcc0b7385edf02f280471a48ee53bfbbfc61a03df5ac3a19a""}]",,,0.00,0.00
AST-0026,2026-09-24,Bellwether,17.75,AST,,,,REVIEW_REQUIRED,,,,c9f1a2bdc16aedb7e0d6f4b00a0d3679e39871bceeb8038973fe9e8331f2ab7e,2026-09-25T09:00:30+00:00,True,"[""Unresolved relevant source content: 0bd8fc13e310""]",,16.63,"[{""source_rule_id"": ""BDL-MW-2026.1"", ""jurisdiction"": ""Bellwether"", ""amount"": ""18.50"", ""effective_from"": ""2026-09-24"", ""candidate_id"": ""0bd8fc13e310929dcc0b7385edf02f280471a48ee53bfbbfc61a03df5ac3a19a""}]",,,0.00,0.00
AST-0027,2026-09-24,Bellwether,,AST,,,,REVIEW_REQUIRED,,,,078ef7d2d61131ce1b146f17e3766f330b34d89bda8de183a70749fc81adf54a,2026-09-25T09:00:30+00:00,True,"[""No authority supplied for converting annual salary to an hourly compliance wage.""]",19.47,16.63,"[{""source_rule_id"": ""BDL-MW-2026.1"", ""jurisdiction"": ""Bellwether"", ""amount"": ""18.50"", ""effective_from"": ""2026-09-24"", ""candidate_id"": ""0bd8fc13e310929dcc0b7385edf02f280471a48ee53bfbbfc61a03df5ac3a19a""}]",0.00,0.00,,
AST-0028,2026-09-24,Bellwether,18.61,AST,,,,REVIEW_REQUIRED,,,,b21ccb45675cf38d6b05680a30e8108ec02a3a0df9962429f7a494013ea5cf47,2026-09-25T09:00:30+00:00,True,"[""Unresolved relevant source content: 0bd8fc13e310""]",,16.63,"[{""source_rule_id"": ""BDL-MW-2026.1"", ""jurisdiction"": ""Bellwether"", ""amount"": ""18.50"", ""effective_from"": ""2026-09-24"", ""candidate_id"": ""0bd8fc13e310929dcc0b7385edf02f280471a48ee53bfbbfc61a03df5ac3a19a""}]",,,0.00,0.00
AST-0029,2026-09-24,Bellwether,19.04,AST,,,,REVIEW_REQUIRED,,,,73a1751f1486cc56ad214eb8786b5f1417b54b6083889ed838c2279dbdb4b3cc,2026-09-25T09:00:30+00:00,True,"[""Unresolved relevant source content: 0bd8fc13e310""]",,16.63,"[{""source_rule_id"": ""BDL-MW-2026.1"", ""jurisdiction"": ""Bellwether"", ""amount"": ""18.50"", ""effective_from"": ""2026-09-24"", ""candidate_id"": ""0bd8fc13e310929dcc0b7385edf02f280471a48ee53bfbbfc61a03df5ac3a19a""}]",,,0.00,0.00
AST-0030,2026-09-24,Bellwether,,AST,,,,REVIEW_REQUIRED,,,,ce26a82c319cef174cb9382f71f2d3accedf8ac5c8c2babf4e7ca6f3c19093b1,2026-09-25T09:00:30+00:00,True,"[""No authority supplied for converting annual salary to an hourly compliance wage.""]",7.88,16.63,"[{""source_rule_id"": ""BDL-MW-2026.1"", ""jurisdiction"": ""Bellwether"", ""amount"": ""18.50"", ""effective_from"": ""2026-09-24"", ""candidate_id"": ""0bd8fc13e310929dcc0b7385edf02f280471a48ee53bfbbfc61a03df5ac3a19a""}]",8.75,350.01,,
AST-0031,2026-09-24,Bellwether,19.9,AST,,,,REVIEW_REQUIRED,,,,5e87e530d8dcafa63e3842d09037d643d18d600589bb692499cf9a8ed3afbcc3,2026-09-25T09:00:30+00:00,True,"[""Unresolved relevant source content: 0bd8fc13e310""]",,16.63,"[{""source_rule_id"": ""BDL-MW-2026.1"", ""jurisdiction"": ""Bellwether"", ""amount"": ""18.50"", ""effective_from"": ""2026-09-24"", ""candidate_id"": ""0bd8fc13e310929dcc0b7385edf02f280471a48ee53bfbbfc61a03df5ac3a19a""}]",,,0.00,0.00
AST-0032,2026-09-24,Bellwether,7.33,AST,,,,REVIEW_REQUIRED,,,,e972b8849fec5d4f290fcde9980ed34752abb9af612aa94d834fc94f1d275eb9,2026-09-25T09:00:30+00:00,True,"[""Unresolved relevant source content: 0bd8fc13e310""]",,16.63,"[{""source_rule_id"": ""BDL-MW-2026.1"", ""jurisdiction"": ""Bellwether"", ""amount"": ""18.50"", ""effective_from"": ""2026-09-24"", ""candidate_id"": ""0bd8fc13e310929dcc0b7385edf02f280471a48ee53bfbbfc61a03df5ac3a19a""}]",,,9.30,297.60
AST-0033,2026-09-24,Bellwether,,AST,,,,REVIEW_REQUIRED,,,,3276d20b06fafbb79d0793f2b4507724ea11a3e9b3778d1c129b7f274012776c,2026-09-25T09:00:30+00:00,True,"[""No authority supplied for converting annual salary to an hourly compliance wage.""]",9.29,16.63,"[{""source_rule_id"": ""BDL-MW-2026.1"", ""jurisdiction"": ""Bellwether"", ""amount"": ""18.50"", ""effective_from"": ""2026-09-24"", ""candidate_id"": ""0bd8fc13e310929dcc0b7385edf02f280471a48ee53bfbbfc61a03df5ac3a19a""}]",7.34,256.90,,
AST-0034,2026-09-24,Bellwether,8.19,AST,,,,REVIEW_REQUIRED,,,,dcc48649628efc39e97d2764add07378011c54af9c944cf3d1bda282cdd3d649,2026-09-25T09:00:30+00:00,True,"[""Unresolved relevant source content: 0bd8fc13e310""]",,16.63,"[{""source_rule_id"": ""BDL-MW-2026.1"", ""jurisdiction"": ""Bellwether"", ""amount"": ""18.50"", ""effective_from"": ""2026-09-24"", ""candidate_id"": ""0bd8fc13e310929dcc0b7385edf02f280471a48ee53bfbbfc61a03df5ac3a19a""}]",,,8.44,316.50
AST-0035,2026-09-24,Bellwether,8.62,AST,,,,REVIEW_REQUIRED,,,,e916b21d757361311b3ae711746f0e3d8eb0fa50e99c547216e2aad18fbf4ddd,2026-09-25T09:00:30+00:00,True,"[""Unresolved relevant source content: 0bd8fc13e310""]",,16.63,"[{""source_rule_id"": ""BDL-MW-2026.1"", ""jurisdiction"": ""Bellwether"", ""amount"": ""18.50"", ""effective_from"": ""2026-09-24"", ""candidate_id"": ""0bd8fc13e310929dcc0b7385edf02f280471a48ee53bfbbfc61a03df5ac3a19a""}]",,,8.01,320.40
AST-0036,2026-09-24,Bellwether,,AST,,,,REVIEW_REQUIRED,,,,301b437d37769e920bbda776ecbae59660858e99b13058abf3ea446baba5acc2,2026-09-25T09:00:30+00:00,True,"[""Active status conflicts with start date after evaluation date: 2026-12-16""]",10.70,16.63,"[{""source_rule_id"": ""BDL-MW-2026.1"", ""jurisdiction"": ""Bellwether"", ""amount"": ""18.50"", ""effective_from"": ""2026-09-24"", ""candidate_id"": ""0bd8fc13e310929dcc0b7385edf02f280471a48ee53bfbbfc61a03df5ac3a19a""}]",5.93,118.60,,
AST-0037,2026-09-24,Bellwether,9.48,AST,,,,REVIEW_REQUIRED,,,,cb457868cb811e76722bc434f48113694124664b0763729136deb344abed756c,2026-09-25T09:00:30+00:00,True,"[""Unresolved relevant source content: 0bd8fc13e310""]",,16.63,"[{""source_rule_id"": ""BDL-MW-2026.1"", ""jurisdiction"": ""Bellwether"", ""amount"": ""18.50"", ""effective_from"": ""2026-09-24"", ""candidate_id"": ""0bd8fc13e310929dcc0b7385edf02f280471a48ee53bfbbfc61a03df5ac3a19a""}]",,,7.15,228.80
AST-0038,2026-09-24,Bellwether,9.91,AST,,,,REVIEW_REQUIRED,,,,c6fee9ff57e567f805a328fecf090b7946a17cc09638a34833f8f781c0ee719e,2026-09-25T09:00:30+00:00,True,"[""Unresolved relevant source content: 0bd8fc13e310""]",,16.63,"[{""source_rule_id"": ""BDL-MW-2026.1"", ""jurisdiction"": ""Bellwether"", ""amount"": ""18.50"", ""effective_from"": ""2026-09-24"", ""candidate_id"": ""0bd8fc13e310929dcc0b7385edf02f280471a48ee53bfbbfc61a03df5ac3a19a""}]",,,6.72,235.20
AST-0039,2026-09-24,Bellwether,,AST,,,,REVIEW_REQUIRED,,,,4d84bb5086d4ce4eb51916bcee393a1a19da394d13a26f43e99027b2e3e51aad,2026-09-25T09:00:30+00:00,True,"[""No authority supplied for converting annual salary to an hourly compliance wage.""]",12.11,16.63,"[{""source_rule_id"": ""BDL-MW-2026.1"", ""jurisdiction"": ""Bellwether"", ""amount"": ""18.50"", ""effective_from"": ""2026-09-24"", ""candidate_id"": ""0bd8fc13e310929dcc0b7385edf02f280471a48ee53bfbbfc61a03df5ac3a19a""}]",4.52,169.49,,
AST-0040,2026-09-24,Bellwether,10.77,AST,,,,REVIEW_REQUIRED,,,,d70bc536f24e7a67eb980304e89beed8327ba9dc7e250ce606f75cdcac94dbc5,2026-09-25T09:00:30+00:00,True,"[""Unresolved relevant source content: 0bd8fc13e310""]",,16.63,"[{""source_rule_id"": ""BDL-MW-2026.1"", ""jurisdiction"": ""Bellwether"", ""amount"": ""18.50"", ""effective_from"": ""2026-09-24"", ""candidate_id"": ""0bd8fc13e310929dcc0b7385edf02f280471a48ee53bfbbfc61a03df5ac3a19a""}]",,,5.86,234.40
AST-0041,2026-09-24,Bellwether,11.2,AST,,,,REVIEW_REQUIRED,,,,a13552a891111813db7161403fa7374f2196b758670ffceb337137f97a59037a,2026-09-25T09:00:30+00:00,True,"[""Unresolved relevant source content: 0bd8fc13e310""]",,16.63,"[{""source_rule_id"": ""BDL-MW-2026.1"", ""jurisdiction"": ""Bellwether"", ""amount"": ""18.50"", ""effective_from"": ""2026-09-24"", ""candidate_id"": ""0bd8fc13e310929dcc0b7385edf02f280471a48ee53bfbbfc61a03df5ac3a19a""}]",,,5.43,108.60
AST-0042,2026-09-24,Bellwether,,AST,,,,REVIEW_REQUIRED,,,,a2a6977f47908457bdc5996785b0d4c68a30c10349dd2a00596ebd47e9cbf75c,2026-09-25T09:00:30+00:00,True,"[""No authority supplied for converting annual salary to an hourly compliance wage.""]",13.52,16.63,"[{""source_rule_id"": ""BDL-MW-2026.1"", ""jurisdiction"": ""Bellwether"", ""amount"": ""18.50"", ""effective_from"": ""2026-09-24"", ""candidate_id"": ""0bd8fc13e310929dcc0b7385edf02f280471a48ee53bfbbfc61a03df5ac3a19a""}]",3.11,99.53,,
AST-0043,2026-09-24,Bellwether,12.06,AST,,,,REVIEW_REQUIRED,,,,14ae1fc4e61d33d6a7151ffd3f6f3313a2ec824125a299c5982c0c8c9cffbb64,2026-09-25T09:00:30+00:00,True,"[""Unresolved relevant source content: 0bd8fc13e310""]",,16.63,"[{""source_rule_id"": ""BDL-MW-2026.1"", ""jurisdiction"": ""Bellwether"", ""amount"": ""18.50"", ""effective_from"": ""2026-09-24"", ""candidate_id"": ""0bd8fc13e310929dcc0b7385edf02f280471a48ee53bfbbfc61a03df5ac3a19a""}]",,,4.57,159.95
AST-0044,2026-09-24,Bellwether,12.49,AST,,,,REVIEW_REQUIRED,,,,80f0de6129a0d922e124d0cd6be726a98426b89f810debfdfdde477c19963321,2026-09-25T09:00:30+00:00,True,"[""Unresolved relevant source content: 0bd8fc13e310""]",,16.63,"[{""source_rule_id"": ""BDL-MW-2026.1"", ""jurisdiction"": ""Bellwether"", ""amount"": ""18.50"", ""effective_from"": ""2026-09-24"", ""candidate_id"": ""0bd8fc13e310929dcc0b7385edf02f280471a48ee53bfbbfc61a03df5ac3a19a""}]",,,4.14,155.25
AST-0045,2026-09-24,Bellwether,,AST,,,,REVIEW_REQUIRED,,,,94911a044fbc414201aa1b7543d6d5b613bcdeae3db642501dc8261c44f544b4,2026-09-25T09:00:30+00:00,True,"[""No authority supplied for converting annual salary to an hourly compliance wage.""]",14.93,16.63,"[{""source_rule_id"": ""BDL-MW-2026.1"", ""jurisdiction"": ""Bellwether"", ""amount"": ""18.50"", ""effective_from"": ""2026-09-24"", ""candidate_id"": ""0bd8fc13e310929dcc0b7385edf02f280471a48ee53bfbbfc61a03df5ac3a19a""}]",1.70,68.01,,
AST-0046,2026-09-24,Bellwether,13.35,AST,,,,REVIEW_REQUIRED,,,,171329a0d17c738fd0361a0ec805c0ceb9fae08ef4dc294b7125b127fc73864d,2026-09-25T09:00:30+00:00,True,"[""Unresolved relevant source content: 0bd8fc13e310""]",,16.63,"[{""source_rule_id"": ""BDL-MW-2026.1"", ""jurisdiction"": ""Bellwether"", ""amount"": ""18.50"", ""effective_from"": ""2026-09-24"", ""candidate_id"": ""0bd8fc13e310929dcc0b7385edf02f280471a48ee53bfbbfc61a03df5ac3a19a""}]",,,3.28,65.60
AST-0047,2026-09-24,Bellwether,13.78,AST,,,,REVIEW_REQUIRED,,,,4d68ee5de11dc8f349b0084db6ed68f8a2f1085d6dc8b397cb7dcfd5f5753e2b,2026-09-25T09:00:30+00:00,True,"[""Unresolved relevant source content: 0bd8fc13e310""]",,16.63,"[{""source_rule_id"": ""BDL-MW-2026.1"", ""jurisdiction"": ""Bellwether"", ""amount"": ""18.50"", ""effective_from"": ""2026-09-24"", ""candidate_id"": ""0bd8fc13e310929dcc0b7385edf02f280471a48ee53bfbbfc61a03df5ac3a19a""}]",,,2.85,91.20
AST-0048,2026-09-24,Bellwether,,AST,,,,REVIEW_REQUIRED,,,,703571fe87b5e8c4dee5d77367e423c597b28f4b3dd20426145a8a86f7027c0d,2026-09-25T09:00:30+00:00,True,"[""Active status conflicts with start date after evaluation date: 2026-12-08""]",16.34,16.63,"[{""source_rule_id"": ""BDL-MW-2026.1"", ""jurisdiction"": ""Bellwether"", ""amount"": ""18.50"", ""effective_from"": ""2026-09-24"", ""candidate_id"": ""0bd8fc13e310929dcc0b7385edf02f280471a48ee53bfbbfc61a03df5ac3a19a""}]",0.29,10.15,,
